{
  "filelist": {
    "image220417-092014.567526.jpg": {
      "0\\0_7bdf00263a7643548bfc9bfe6c736247.png": 0,
      "8\\8_9833f8816b8242dc9213522bb85826ea.png": 8,
      "2\\2_257f7fdb40584c71828fd1dd14e343c0.png": 2,
      "5\\5_12f9f480b83e48fcb198aa58c605bc2a.png": 5,
      "6\\6_baaffa34c0da409fa5369065b0b7b960.png": 6,
      "9\\9_fff6b4a065374dbbbc01b9bd566ea9d6.png": 9,
      "9\\9_104b9d261bb44dcbba1b269ea078bf38.png": 9
    },
    "image220417-033451.730899.jpg": {
      "0\\0_e0c072c40e5644d88b1176d64d2162b5.png": 0,
      "8\\8_a84016a9ecca4f898156230319f41e49.png": 8,
      "2\\2_be5ef4ed1c7d4f81a72c8aa984604825.png": 2,
      "5\\5_6193eb7f405646f09cbbcc37a7adb116.png": 5,
      "4\\4_4dddb07120ae472bb8d9efd470ebbc09.png": 4,
      "3\\3_c804fec59a6040aba621b43c62f95566.png": 3,
      "5\\5_d085bde836694e1d9c02a6b90b89e3a9.png": 5
    },
    "image220417-073507.660814.jpg": {
      "7\\7_b18cb539c0a54c44893ca190d697c4cf.png": 7,
      "8\\8_06f626ebf4e64476823d465475156690.png": 8,
      "7\\7_f3166ec4102346bdbf02a2b90e1fdafe.png": 7,
      "2\\2_801778500bee48d689a746044ca53d5f.png": 2,
      "5\\5_b93a1e5bdc964c3dafaf6b5281acbd51.png": 5,
      "6\\6_d82269a747054f289dc29cce14b95aea.png": 6,
      "5\\5_6b45a85903b340b1a67c3387f9f11147.png": 5
    },
    "image220417-023447.890881.jpg": {
      "0\\0_de00b5f2ccf34091bed7432144423829.png": 0,
      "8\\8_d831df36d4914070bd2aeff8d51de907.png": 8,
      "2\\2_4ba3a29812734a93af71de32898823d7.png": 2,
      "5\\5_3314b7bb4bb34692936ee0b8b0ed79b7.png": 5,
      "4\\4_520a5a38afb4447ebfd6e2b13abce196.png": 4,
      "0\\0_3ada2603d13e4ec1b240996f782d339e.png": 0,
      "8\\8_27d61a29ce46410285aa957b4ba2aae8.png": 8
    },
    "image220417-094516.170795.jpg": {
      "0\\0_e523999d98ef416981238f9578b40f2f.png": 0,
      "8\\8_6a7451ba69dc4296bd99fc6e40cadcab.png": 8,
      "2\\2_5042ab8beb774b36b8d43dc594550ce3.png": 2,
      "5\\5_c116c58753d34c5c966f31b5d8ebdd2c.png": 5,
      "7\\7_5a310687b32e4a59bb9f4512c3bfaef9.png": 7,
      "0\\0_8f7361c048c447a79e8d4f87e4f59997.png": 0,
      "8\\8_9e0dc68d82934f59bd3a4597f82561f5.png": 8
    },
    "image220417-033952.080750.jpg": {
      "0\\0_e9cd5332230f4903b1e2c78e314f8fbb.png": 0,
      "8\\8_8e6861a1d471434da3c75c4cd2924a3c.png": 8,
      "2\\2_d886c0dd661d4382b315b32df60001a5.png": 2,
      "5\\5_fe0ff8ccafee44b4ae3f06c0feecc3dc.png": 5,
      "4\\4_c47220a0f4824b3d88780f67ed10ac4e.png": 4,
      "3\\3_1e92cf1d646642a69bd393059de16906.png": 3,
      "9\\9_9a7deb9c5ff54f79b7c48855da302e81.png": 9
    },
    "image220416-211427.420835.jpg": {
      "0\\0_d6ae332a3ab64bfb856c81ce032a4dda.png": 0,
      "8\\8_3715bacf9dd84371897d2baf44eb12e3.png": 8,
      "2\\2_c6a95e2e1a0846238d67c8e8e6cf0f47.png": 2,
      "5\\5_643dde71b27144dd9769004fb3d96c24.png": 5,
      "3\\3_b270aabc7dff4e12b3e75054066edb37.png": 3,
      "6\\6_5bcfd941bec944dda4b41722670eef16.png": 6,
      "7\\7_4240ab12e8a14ef2b014f988f7f8e85d.png": 7
    },
    "image220417-075508.998857.jpg": {
      "0\\0_4ae1ee9453cd4921b1f2ff0484dcce12.png": 0,
      "8\\8_285596ffc0cd493b80ac3b2bdad3a5fc.png": 8,
      "2\\2_2a805c2e1023496ba2347a0452085f9e.png": 2,
      "5\\5_aa4aca1bd4d947a7987b1fa134695c91.png": 5,
      "6\\6_12ae2168cac542fa8193be28f27500dd.png": 6,
      "6\\6_2fe841f8b78f4279b9b0ad0e90e3106f.png": 6,
      "5\\5_46b48bdf851843ea81a58d508ef69b3a.png": 5
    },
    "image220417-101017.840863.jpg": {
      "0\\0_9c9063e0d331497ea417b1b8cca7723f.png": 0,
      "8\\8_0e0374ca05d343928eb353a19d36b762.png": 8,
      "2\\2_81b986ed5aad4f8786e85dd4e67abc1f.png": 2,
      "5\\5_688c5584a8f64edca6a24620b67b6adf.png": 5,
      "7\\7_15989fb803324e27ac5b09539af55f61.png": 7,
      "1\\1_0eaa5fd13d86464aa6c1ae989500c4ba.png": 1,
      "7\\7_f953ebe940c147bc8c396545ef9f0982.png": 7
    },
    "image220417-041454.435657.jpg": {
      "0\\0_5adc5f8205744604b9661aea28a74c30.png": 0,
      "8\\8_e27d343a53d8432f8693d48c824c175d.png": 8,
      "2\\2_da2465748c4a42a0a47a277690e5a138.png": 2,
      "5\\5_5891c05eca8c4ac8b65a2ebef6467f5e.png": 5,
      "4\\4_aef81aa488a445a18001550e500acbf2.png": 4,
      "6\\6_929fc222402a40529aba588ac9f479d9.png": 6,
      "2\\2_637dbbf293df46ad9cbb8224811f80fc.png": 2
    },
    "image220417-100017.140779.jpg": {
      "0\\0_271887c1ad034928912ddd3f1760102a.png": 0,
      "8\\8_503247d62e524cbb96089c01c6f7c55b.png": 8,
      "2\\2_038cc4a66d914d6fab22d0056f7c1fdf.png": 2,
      "5\\5_9782ba2d20a54a7ea6714832e3621b47.png": 5,
      "7\\7_5bde1c1acbef47f7a5b239ce44a186e4.png": 7,
      "1\\1_e425ef116dd149d183e5daeec7d9c90d.png": 1,
      "4\\4_81c20d42cb6c4c6191674b1f376b5760.png": 4
    },
    "image220416-205426.070884.jpg": {
      "0\\0_37c27c51fada4a1697ef4b554bc78989.png": 0,
      "8\\8_f8c14111c8564f8cabeed93ee0a8228f.png": 8,
      "2\\2_7644832cb7b84d0e816fbac686948014.png": 2,
      "5\\5_27aa13f52bc743cda5ea10a9af7ed594.png": 5,
      "3\\3_c128366adcf04afea05ff7cd7a3a1cb2.png": 3,
      "6\\6_51519cfa290042c880e4afcf694bcee6.png": 6,
      "3\\3_df2844c623644c3187cc52b7147dfbcc.png": 3
    },
    "image220416-220930.910762.jpg": {
      "0\\0_2f404d5ca90049d29d32c397caa81e7d.png": 0,
      "8\\8_8618d3aff45e4cc7940d85d7e369c76c.png": 8,
      "2\\2_bf1ca0763faf45d694a6fe53864c1818.png": 2,
      "5\\5_1db5cb51ca664e53abcd1fbdd81c2b47.png": 5,
      "3\\3_370bb0a617ad4e7b8b1587c3121a08e9.png": 3,
      "7\\7_5ae10de0646144cfb1ad7c2e4868ad78.png": 7,
      "8\\8_0b01970fdfc3446cbcebdbd7f5bb368d.png": 8
    },
    "image220416-223432.360869.jpg": {
      "0\\0_e2f54e527b6d4bb0b0bb9a6b64605d4a.png": 0,
      "8\\8_0510c3a2949a4db58b7fb4f0f5fb9862.png": 8,
      "2\\2_587900b2e6be446abe3079a3f77c622b.png": 2,
      "5\\5_d5f73c6fd3b24af3a9f2827a813c6618.png": 5,
      "3\\3_0e5d76d4773e4bffab195ee70168509d.png": 3,
      "8\\8_730a5c08738f4c65bb0e72303a3a7261.png": 8,
      "2\\2_c5e0bb6da0a7406794d1fcce87fbb62e.png": 2
    },
    "image220416-213929.020778.jpg": {
      "0\\0_6300a5e722404c198c0b127659394299.png": 0,
      "8\\8_2442818889ed45a58f47103da2d5c038.png": 8,
      "2\\2_79e53deb7cb248ee89bf7fc26d81b3a6.png": 2,
      "5\\5_5e0608600df14e548113fd0febcd7d60.png": 5,
      "3\\3_e812f45603504fe99068cca3ad35d387.png": 3,
      "7\\7_3aa5aed3d9ae4fd6b67bd61e024b8faf.png": 7,
      "1\\1_85ac7319572749c09f2dc86ff3a16db0.png": 1
    },
    "image220416-234936.980811.jpg": {
      "0\\0_8a1d8d9eca34415b8ec001285580b1ad.png": 0,
      "8\\8_690b94e7b3e44ddd9546020a9f5f0a72.png": 8,
      "5\\5_997c58a5f8ae4a9bb6ca1e0f4c33a5c1.png": 5,
      "3\\3_45ac69dd87654d5e84f418d7fbc1a085.png": 3,
      "0\\0_2d15004f887244cd8132b8cc7859e1d0.png": 0,
      "9\\9_3c9553bf87614a11b201e4906135bc68.png": 9,
      "6\\6_8b8076e0aca349bb85a6bb5682e87444.png": 6
    },
    "image220416-195922.550780.jpg": {
      "0\\0_9a8e92ef49c64c57ae691f0495531881.png": 0,
      "8\\8_30537e9eded649d4b367c5617e1380c5.png": 8,
      "2\\2_43f3f2598fc94d26afbfd7326177cff5.png": 2,
      "5\\5_25dd2433b61d49cfb4bf70244324db06.png": 5,
      "3\\3_686e409adf8e405fa2cd7c3f6ed8bc9d.png": 3,
      "5\\5_5f8dd595f32c4cb79690371fbb3fd7a8.png": 5,
      "4\\4_10a6719287de48fb94c8fc037dcbe149.png": 4
    },
    "image220417-102518.830784.jpg": {
      "0\\0_0cc26743e86246489aaf815267f12a4c.png": 0,
      "8\\8_07bb3baa8e0d45269ac17e391d9549ab.png": 8,
      "2\\2_a72b1f49df0f40bbba8d1318d14b6ef0.png": 2,
      "5\\5_2ccafa4ec98d45d4beeb4e49ccdc2006.png": 5,
      "7\\7_ad3ab05b11d3437b9c504f0e37f2f85c.png": 7,
      "2\\2_060c312f09fc42b0a53d283aebefe735.png": 2,
      "1\\1_68ff64ccde694bebaac3c3a2513024c3.png": 1
    },
    "image220417-072006.626391.jpg": {
      "0\\0_2123dbf54fa24599a0885941ad130e81.png": 0,
      "8\\8_a1bd1a3ff5ae4cb5ae3c7c7406cbaa74.png": 8,
      "2\\2_486adb203c094b03a540b21d57ff36a0.png": 2,
      "5\\5_b111198b5fd6450a85a877a4dd24461c.png": 5,
      "6\\6_5c8ad327829d40ea869bc36381b9f80f.png": 6,
      "5\\5_5d5d427dbbab40f99b1ab789ec46c000.png": 5,